{
  "colors" : [
    {
      "color" : {
        "color-space" : "display-p3",
        "components" : {
          "alpha" : "0.816",
          "blue" : "0.000",
          "green" : "0.184",
          "red" : "0.886"
        }
      },
      "idiom" : "universal"
    },
    {
      "appearances" : [
        {
          "appearance" : "luminosity",
          "value" : "dark"
        }
      ],
      "color" : {
        "color-space" : "display-p3",
        "components" : {
          "alpha" : "0.900",
          "blue" : "0.196",
          "green" : "0.361",
          "red" : "0.996"
        }
      },
      "idiom" : "universal"
    }
  ],
  "info" : {
    "author" : "xcode",
    "version" : 1
  }
}