{
  "colors" : [
    {
      "color" : {
        "color-space" : "display-p3",
        "components" : {
          "alpha" : "0.134",
          "blue" : "0.008",
          "green" : "0.565",
          "red" : "0.035"
        }
      },
      "idiom" : "universal"
    },
    {
      "appearances" : [
        {
          "appearance" : "luminosity",
          "value" : "dark"
        }
      ],
      "color" : {
        "color-space" : "display-p3",
        "components" : {
          "alpha" : "0.169",
          "blue" : "0.557",
          "green" : "0.996",
          "red" : "0.510"
        }
      },
      "idiom" : "universal"
    }
  ],
  "info" : {
    "author" : "xcode",
    "version" : 1
  }
}