{
  "colors" : [
    {
      "color" : {
        "color-space" : "display-p3",
        "components" : {
          "alpha" : "0.083",
          "blue" : "0.008",
          "green" : "0.576",
          "red" : "0.059"
        }
      },
      "idiom" : "universal"
    },
    {
      "appearances" : [
        {
          "appearance" : "luminosity",
          "value" : "dark"
        }
      ],
      "color" : {
        "color-space" : "display-p3",
        "components" : {
          "alpha" : "0.106",
          "blue" : "0.588",
          "green" : "0.992",
          "red" : "0.549"
        }
      },
      "idiom" : "universal"
    }
  ],
  "info" : {
    "author" : "xcode",
    "version" : 1
  }
}