{
  "colors" : [
    {
      "color" : {
        "color-space" : "display-p3",
        "components" : {
          "alpha" : "0.067",
          "blue" : "0.008",
          "green" : "0.533",
          "red" : "0.886"
        }
      },
      "idiom" : "universal"
    },
    {
      "appearances" : [
        {
          "appearance" : "luminosity",
          "value" : "dark"
        }
      ],
      "color" : {
        "color-space" : "display-p3",
        "components" : {
          "alpha" : "0.051",
          "blue" : "0.000",
          "green" : "0.529",
          "red" : "0.992"
        }
      },
      "idiom" : "universal"
    }
  ],
  "info" : {
    "author" : "xcode",
    "version" : 1
  }
}