{
  "colors" : [
    {
      "color" : {
        "color-space" : "display-p3",
        "components" : {
          "alpha" : "0.726",
          "blue" : "0.369",
          "green" : "0.451",
          "red" : "0.000"
        }
      },
      "idiom" : "universal"
    },
    {
      "appearances" : [
        {
          "appearance" : "luminosity",
          "value" : "dark"
        }
      ],
      "color" : {
        "color-space" : "display-p3",
        "components" : {
          "alpha" : "0.669",
          "blue" : "0.890",
          "green" : "0.996",
          "red" : "0.439"
        }
      },
      "idiom" : "universal"
    }
  ],
  "info" : {
    "author" : "xcode",
    "version" : 1
  }
}